signup_cohort,month_number,cohort_size,retained_customers,retention_rate
2024-01,0,157,156,0.9936
2024-01,1,157,153,0.9745
2024-01,2,157,150,0.9554
2024-01,3,157,148,0.9427
2024-01,4,157,145,0.9236
2024-01,5,157,143,0.9108
2024-01,6,157,139,0.8854
2024-01,7,157,139,0.8854
2024-01,8,157,138,0.879
2024-01,9,157,137,0.8726
2024-01,10,157,136,0.8662
2024-01,11,157,132,0.8408
2024-01,12,157,128,0.8153
2024-02,0,171,168,0.9825
2024-02,1,171,166,0.9708
2024-02,2,171,164,0.9591
2024-02,3,171,163,0.9532
2024-02,4,171,158,0.924
2024-02,5,171,154,0.9006
2024-02,6,171,153,0.8947
2024-02,7,171,147,0.8596
2024-02,8,171,144,0.8421
2024-02,9,171,141,0.8246
2024-02,10,171,139,0.8129
2024-02,11,171,136,0.7953
2024-02,12,171,132,0.7719
2024-03,0,141,141,1.0
2024-03,1,141,139,0.9858
2024-03,2,141,134,0.9504
2024-03,3,141,133,0.9433
2024-03,4,141,127,0.9007
2024-03,5,141,124,0.8794
2024-03,6,141,123,0.8723
2024-03,7,141,122,0.8652
2024-03,8,141,119,0.844
2024-03,9,141,115,0.8156
2024-03,10,141,112,0.7943
2024-03,11,141,111,0.7872
2024-03,12,141,109,0.773
2024-04,0,205,201,0.9805
2024-04,1,205,199,0.9707
2024-04,2,205,193,0.9415
2024-04,3,205,190,0.9268
2024-04,4,205,187,0.9122
2024-04,5,205,184,0.8976
2024-04,6,205,179,0.8732
2024-04,7,205,177,0.8634
2024-04,8,205,175,0.8537
2024-04,9,205,169,0.8244
2024-04,10,205,167,0.8146
2024-04,11,205,162,0.7902
2024-04,12,205,159,0.7756
2024-05,0,188,186,0.9894
2024-05,1,188,184,0.9787
2024-05,2,188,176,0.9362
2024-05,3,188,168,0.8936
2024-05,4,188,162,0.8617
2024-05,5,188,159,0.8457
2024-05,6,188,153,0.8138
2024-05,7,188,148,0.7872
2024-05,8,188,146,0.7766
2024-05,9,188,142,0.7553
2024-05,10,188,139,0.7394
2024-05,11,188,137,0.7287
2024-05,12,188,133,0.7074
2024-06,0,214,210,0.9813
2024-06,1,214,206,0.9626
2024-06,2,214,203,0.9486
2024-06,3,214,201,0.9393
2024-06,4,214,197,0.9206
2024-06,5,214,193,0.9019
2024-06,6,214,188,0.8785
2024-06,7,214,186,0.8692
2024-06,8,214,184,0.8598
2024-06,9,214,182,0.8505
2024-06,10,214,182,0.8505
2024-06,11,214,178,0.8318
2024-06,12,214,174,0.8131
2024-07,0,201,200,0.995
2024-07,1,201,200,0.995
2024-07,2,201,197,0.9801
2024-07,3,201,189,0.9403
2024-07,4,201,186,0.9254
2024-07,5,201,183,0.9104
2024-07,6,201,179,0.8905
2024-07,7,201,175,0.8706
2024-07,8,201,172,0.8557
2024-07,9,201,170,0.8458
2024-07,10,201,165,0.8209
2024-07,11,201,160,0.796
2024-07,12,201,154,0.7662
2024-08,0,190,189,0.9947
2024-08,1,190,187,0.9842
2024-08,2,190,186,0.9789
2024-08,3,190,182,0.9579
2024-08,4,190,181,0.9526
2024-08,5,190,176,0.9263
2024-08,6,190,174,0.9158
2024-08,7,190,170,0.8947
2024-08,8,190,167,0.8789
2024-08,9,190,166,0.8737
2024-08,10,190,164,0.8632
2024-08,11,190,160,0.8421
2024-08,12,190,156,0.8211
2024-09,0,199,195,0.9799
2024-09,1,199,195,0.9799
2024-09,2,199,192,0.9648
2024-09,3,199,189,0.9497
2024-09,4,199,186,0.9347
2024-09,5,199,182,0.9146
2024-09,6,199,175,0.8794
2024-09,7,199,173,0.8693
2024-09,8,199,170,0.8543
2024-09,9,199,169,0.8492
2024-09,10,199,168,0.8442
2024-09,11,199,162,0.8141
2024-09,12,199,160,0.804
2024-10,0,211,209,0.9905
2024-10,1,211,206,0.9763
2024-10,2,211,206,0.9763
2024-10,3,211,202,0.9573
2024-10,4,211,199,0.9431
2024-10,5,211,197,0.9336
2024-10,6,211,193,0.9147
2024-10,7,211,190,0.9005
2024-10,8,211,187,0.8863
2024-10,9,211,184,0.872
2024-10,10,211,178,0.8436
2024-10,11,211,174,0.8246
2024-10,12,211,172,0.8152
2024-11,0,230,230,1.0
2024-11,1,230,229,0.9957
2024-11,2,230,227,0.987
2024-11,3,230,220,0.9565
2024-11,4,230,217,0.9435
2024-11,5,230,213,0.9261
2024-11,6,230,210,0.913
2024-11,7,230,207,0.9
2024-11,8,230,202,0.8783
2024-11,9,230,199,0.8652
2024-11,10,230,197,0.8565
2024-11,11,230,195,0.8478
2024-11,12,230,190,0.8261
2024-12,0,221,218,0.9864
2024-12,1,221,217,0.9819
2024-12,2,221,215,0.9729
2024-12,3,221,212,0.9593
2024-12,4,221,207,0.9367
2024-12,5,221,203,0.9186
2024-12,6,221,197,0.8914
2024-12,7,221,193,0.8733
2024-12,8,221,189,0.8552
2024-12,9,221,185,0.8371
2024-12,10,221,180,0.8145
2024-12,11,221,173,0.7828
2024-12,12,221,169,0.7647
2025-01,0,186,184,0.9892
2025-01,1,186,184,0.9892
2025-01,2,186,180,0.9677
2025-01,3,186,176,0.9462
2025-01,4,186,173,0.9301
2025-01,5,186,168,0.9032
2025-01,6,186,165,0.8871
2025-01,7,186,161,0.8656
2025-01,8,186,159,0.8548
2025-01,9,186,158,0.8495
2025-01,10,186,156,0.8387
2025-01,11,186,153,0.8226
2025-01,12,186,148,0.7957
2025-02,0,224,224,1.0
2025-02,1,224,222,0.9911
2025-02,2,224,217,0.9688
2025-02,3,224,215,0.9598
2025-02,4,224,212,0.9464
2025-02,5,224,207,0.9241
2025-02,6,224,200,0.8929
2025-02,7,224,196,0.875
2025-02,8,224,194,0.8661
2025-02,9,224,191,0.8527
2025-02,10,224,186,0.8304
2025-02,11,224,182,0.8125
2025-02,12,224,179,0.7991
2025-03,0,228,227,0.9956
2025-03,1,228,224,0.9825
2025-03,2,228,219,0.9605
2025-03,3,228,217,0.9518
2025-03,4,228,214,0.9386
2025-03,5,228,210,0.9211
2025-03,6,228,208,0.9123
2025-03,7,228,205,0.8991
2025-03,8,228,200,0.8772
2025-03,9,228,196,0.8596
2025-03,10,228,194,0.8509
2025-03,11,228,189,0.8289
2025-03,12,228,183,0.8026
2025-04,0,247,241,0.9757
2025-04,1,247,239,0.9676
2025-04,2,247,234,0.9474
2025-04,3,247,230,0.9312
2025-04,4,247,226,0.915
2025-04,5,247,221,0.8947
2025-04,6,247,219,0.8866
2025-04,7,247,217,0.8785
2025-04,8,247,214,0.8664
2025-04,9,247,208,0.8421
2025-04,10,247,203,0.8219
2025-04,11,247,199,0.8057
2025-04,12,247,193,0.7814
2025-05,0,251,248,0.988
2025-05,1,251,248,0.988
2025-05,2,251,243,0.9681
2025-05,3,251,239,0.9522
2025-05,4,251,232,0.9243
2025-05,5,251,228,0.9084
2025-05,6,251,228,0.9084
2025-05,7,251,224,0.8924
2025-05,8,251,219,0.8725
2025-05,9,251,212,0.8446
2025-05,10,251,207,0.8247
2025-05,11,251,200,0.7968
2025-05,12,251,194,0.7729
2025-06,0,252,249,0.9881
2025-06,1,252,248,0.9841
2025-06,2,252,244,0.9683
2025-06,3,252,240,0.9524
2025-06,4,252,234,0.9286
2025-06,5,252,230,0.9127
2025-06,6,252,222,0.881
2025-06,7,252,218,0.8651
2025-06,8,252,215,0.8532
2025-06,9,252,212,0.8413
2025-06,10,252,207,0.8214
2025-06,11,252,204,0.8095
2025-06,12,252,201,0.7976
2025-07,0,255,252,0.9882
2025-07,1,255,249,0.9765
2025-07,2,255,245,0.9608
2025-07,3,255,243,0.9529
2025-07,4,255,241,0.9451
2025-07,5,255,234,0.9176
2025-07,6,255,227,0.8902
2025-07,7,255,219,0.8588
2025-07,8,255,214,0.8392
2025-07,9,255,213,0.8353
2025-07,10,255,210,0.8235
2025-07,11,255,206,0.8078
2025-07,12,255,202,0.7922
2025-08,0,298,295,0.9899
2025-08,1,298,293,0.9832
2025-08,2,298,286,0.9597
2025-08,3,298,281,0.943
2025-08,4,298,276,0.9262
2025-08,5,298,266,0.8926
2025-08,6,298,262,0.8792
2025-08,7,298,256,0.8591
2025-08,8,298,252,0.8456
2025-08,9,298,245,0.8221
2025-08,10,298,245,0.8221
2025-08,11,298,242,0.8121
2025-09,0,263,260,0.9886
2025-09,1,263,257,0.9772
2025-09,2,263,249,0.9468
2025-09,3,263,247,0.9392
2025-09,4,263,240,0.9125
2025-09,5,263,239,0.9087
2025-09,6,263,234,0.8897
2025-09,7,263,230,0.8745
2025-09,8,263,223,0.8479
2025-09,9,263,215,0.8175
2025-09,10,263,210,0.7985
2025-10,0,289,287,0.9931
2025-10,1,289,284,0.9827
2025-10,2,289,279,0.9654
2025-10,3,289,275,0.9516
2025-10,4,289,273,0.9446
2025-10,5,289,266,0.9204
2025-10,6,289,264,0.9135
2025-10,7,289,257,0.8893
2025-10,8,289,251,0.8685
2025-10,9,289,246,0.8512
2025-11,0,313,311,0.9936
2025-11,1,313,309,0.9872
2025-11,2,313,302,0.9649
2025-11,3,313,298,0.9521
2025-11,4,313,292,0.9329
2025-11,5,313,285,0.9105
2025-11,6,313,284,0.9073
2025-11,7,313,280,0.8946
2025-11,8,313,279,0.8914
2025-12,0,262,257,0.9809
2025-12,1,262,254,0.9695
2025-12,2,262,251,0.958
2025-12,3,262,243,0.9275
2025-12,4,262,239,0.9122
2025-12,5,262,233,0.8893
2025-12,6,262,226,0.8626
2025-12,7,262,220,0.8397
2026-01,0,299,297,0.9933
2026-01,1,299,295,0.9866
2026-01,2,299,288,0.9632
2026-01,3,299,283,0.9465
2026-01,4,299,278,0.9298
2026-01,5,299,276,0.9231
2026-01,6,299,270,0.903
2026-02,0,318,315,0.9906
2026-02,1,318,314,0.9874
2026-02,2,318,311,0.978
2026-02,3,318,305,0.9591
2026-02,4,318,300,0.9434
2026-02,5,318,293,0.9214
2026-03,0,319,319,1.0
2026-03,1,319,316,0.9906
2026-03,2,319,303,0.9498
2026-03,3,319,296,0.9279
2026-03,4,319,284,0.8903
2026-04,0,295,292,0.9898
2026-04,1,295,287,0.9729
2026-04,2,295,284,0.9627
2026-04,3,295,279,0.9458
2026-05,0,332,329,0.991
2026-05,1,332,322,0.9699
2026-05,2,332,319,0.9608
2026-06,0,354,353,0.9972
2026-06,1,354,351,0.9915
2026-07,0,338,336,0.9941
