month,active_start,new_customers,churned_customers,active_end,mrr_end,logo_churn_rate
2024-01,4,157,1,156,17166.15,0.25
2024-02,160,171,6,321,35381.3,0.0375
2024-03,325,141,5,457,51618.15,0.0154
2024-04,462,205,10,652,70980.75,0.0216
2024-05,657,188,13,827,89370.25,0.0198
2024-06,833,214,20,1021,111968.9,0.024
2024-07,1031,201,30,1192,132270.65,0.0291
2024-08,1199,190,19,1363,152466.1,0.0158
2024-09,1370,199,28,1534,172890.75,0.0204
2024-10,1538,211,28,1717,193859.75,0.0182
2024-11,1723,230,32,1915,214177.6,0.0186
2024-12,1919,221,33,2103,236067.7,0.0172
2025-01,2110,186,41,2248,253288.1,0.0194
2025-02,2258,224,38,2434,272647.95,0.0168
2025-03,2443,228,43,2619,296975.45,0.0176
2025-04,2631,247,49,2817,318454.15,0.0186
2025-05,2828,251,62,3006,341055.75,0.0219
2025-06,3019,252,50,3208,367236.35,0.0166
2025-07,3221,255,58,3405,393037.65,0.018
2025-08,3411,298,73,3630,417513.95,0.0214
2025-09,3641,263,65,3828,445113.75,0.0179
2025-10,3834,289,66,4051,470861.45,0.0172
2025-11,4064,313,87,4277,497487.6,0.0214
2025-12,4285,262,82,4457,520915.05,0.0191
2026-01,4466,299,105,4651,543496.9,0.0235
2026-02,4668,318,81,4888,573228.4,0.0174
2026-03,4899,319,107,5100,593751.9,0.0218
2026-04,5107,295,90,5305,621309.95,0.0176
2026-05,5321,332,129,5508,649660.85,0.0242
2026-06,5518,354,118,5744,678075.4,0.0214
2026-07,5759,338,105,5977,705087.0,0.0182
2026-08,5993,349,118,6208,732430.75,0.0197
